2,5090,热门,款万丽星,舰,批量,单出,都,可,全新,未,拆封,现货,秒,发,缺,rops,包换,后面,出来,的,卡,没缺,的,厂家,保修,三年,可代送,保,高端,显卡,认准,一手,源头,才,有,能力,代保,哦,高端,的,行情,会,有,波动,涨跌,不,发货,全程,监控,录像,因为,是,全新,原封,产品,不接受,发货,之后,退货,请,确定,好,品牌,颜色,后,再,购买,些,话,只是,针对,那些,对,品牌,选择,犹豫不决,涨跌,一两百,就,变动,的,客户,格局,要,打开,选好,就,不要,变动,了,默认,同意,此,规则,再,发货,顺丰到,付
3,华硕,5090,夜神,oc,第二批,次,全新,未,拆封,现货,现货,拍下,秒,发,江浙沪,可以,自提,可,送货上门,安装,链接,在,就,有,货,拍下,秒,发顺,丰特,快保,单元,少,了,直接,换新卡,不用,售后,后续,使用,出现,问题,可以,协助,代保,海外,稳定,有,稳定,合作,的,经销商,本人,线下,实体店,放心,靠,谱,可,开票,另有,水夜,神,魔龙,tuf,万图师,出售,标价,为,fe,支持,4090,置换,支持,40,50,系列,全系,上门,置换
4,英,伟达,满血,5090,公版,显卡,32G,显存,全新,GTC,大会,人,肉,背回,性能,无敌,适合,高端,游戏,玩家,发票,开箱,视频,齐全,深圳,本地,面交,已经,很,低,的,价格,了,不刀,全新,显卡,售出,后,不退,不换,一共,4,张
5,全网,最低,技嘉,魔鹰,5090,32G,超大,显存,支持,DLSS,4,光线,追踪,Reflex,Studio,功能,韩版,特别,带,AI,功能,两个,全新,未,拆封,现货,充足,售后,原装,未,拆封,功能,完好,无,维修,支持,全国,顺丰,包邮,发货,会,通过,视频,发送,由于,显卡,特殊性,售出,后,不退,不换,希望,理解,品牌,Gigabyte,技嘉,型号,魔鹰,5090,GAMING,OC,32G,成色,全新,有,兴趣,的,朋友,可以,随时,联系,我,先到,先得,哦,现货,现货,现货,现货,保修,3,年,国外,有,稳定,合作,搭档,所,售卖,的,每张,卡,都,会,做好,买家,ID,和,显卡,SN,码,对应,登记,不是,这买,的,或者,自行,换,了,条码,就,免开尊口,按,各,品牌,官方,质保,条例,质保,可,寄回,帮忙,代,保修,如果,被,官方,拒保,不,承担,任何,责任
6,万丽,5090,星舰,满血,不带,D,全新,原封,未,拆封,近期,日期,品牌,出厂,三年,保,可代保,全新,产品,售出,无,质量,问题,不可,退,缺,单元,直接,换,新,后期,出厂,不缺,的,顺丰到,付,现货,秒,发,ai,时代,本地,部署,游戏,大,咖上,手,速度,改,涡轮,技术,已出,上涨,趋势,明显,早买,早,轻松,感谢,支持
7,华硕,5090,夜神,oc,最新,批次,全新,未,拆封,3,月,最新,生产,现货,现货,拍下,秒,发,江浙沪,可以,自提,可,送货上门,安装,链接,在,就,有,货,拍下,秒,发顺,丰特,快保,单元,少,了,直接,换新卡,不用,售后,后续,使用,出现,问题,可以,协助,代保,海外,稳定,有,稳定,合作,的,经销商,本人,线下,实体店,放心,靠,谱,可,开票,另外,有,神龙,超级,雕,冰雕,超龙,出售,标价,为,超级,雕超龙,价格,支持,4090,置换,置换,价,更优
9,华硕,5090,夜神,oc,最新,批次,全新,未,拆封,现货,现货,拍下,秒,发,江浙沪,可以,自提,可,送货上门,安装,一手,货源,非,拉皮条,链接,在,就,有,货,拍下,秒,发顺,丰特,快,保,单元,少,了,直接,换新卡,不用,售后,后续,使用,出现,问题,可以,协助,代保,海外,稳定,有,稳定,合作,的,经销商,本人,线下,实体店,放心,靠,谱,可,开票,支持,4090,置
10,5090,热门,款万丽星,舰,微星,万图师,魔龙,同德,技嘉,魔鹰,超,级,雕,华硕,水冷,批量,单出,都,可,有图,的,均,有,现货,全新,未,拆封,现货,秒,发,缺,rops,包换,后面,出来,的,卡,没缺,的,厂家,保修,三年,可代送,保,高端,显卡,认准,一手,源头,才,有,能力,代保,哦,高端,的,行情,会,有,波动,涨跌,不,发货,全程,监控,录像,因为,是,全新,原封,产品,不接受,发货,之后,退货,请,确定,好,品牌,再,购买,些,话,只是,针对,那些,对,品牌,颜色,的,选择,犹豫不决,涨跌,就,变动,的,客户,格局,要,打开,选好,就,不要,变动,了,默认,同意,此,规则,再,发货,顺丰到,付,祝,买后,大涨,ai,时代,的,到来,白,漂个,一两年,还,有得赚,都,是,很,正常,的,买,丐版,可能,升值,空间,最大,哦,核芯,都,是,一样,的,旗舰,就是,散热,更好,感兴趣,的话,点,我,想要,和,我,私聊,吧
11,七彩虹,RTX5090D,AD,OC,32GB,全新,未,拆封,国行,正品,现货,秒,发,可,直接,拍,也,可,搭配,9800X,3D,装,整机,价格,更,优惠,1,本,商品,保证,正品,支持,验货,但,不支持,7,天无,理由,退换货,2,拍下,不退,不换,不补,差价,未,发出,可以,退,发出,后,不准,拒收,拒收,补偿,来回,费用,3,能,到货,当天,签收,的,拍,每天,都,是,最低
12,万丽,旗舰,RTX5090D,星舰,显卡,32goc,超强,散热,黑科,技,声控,炫彩,rgb,22,7,项,供电,均,热板,三,风扇,国行,支持,个人,送保,全新,未,拆封,顺丰到,付,可以,闪送,或者,自提,电脑,显卡,MSI,微星,Colorful,七彩虹
13,技嘉,5090,超级,雕,白色,顺丰,包邮,包,rop,三年,质保,店内,另,有,黑雕,夜神,魔鹰,超龙,准备,涨价,预定
14,5090,技嘉,魔鹰,全新,原封,未,拆封,海外,全新,未,拆封,批量,单出,都,可,一手,现货,顺丰到,付,协助,三年,送,海外,保修,源头,才,有,能力,送保,哦
15,现货,AORUS,技嘉,5090,水雕,XTREME,WATERF,ORCE,32G,技嘉,旗舰,分体,水冷,没有,散热器,的,需要,自组,水冷,重点,现货,全新,成都,17,号,可,自提,价格,就是,这个,价格,了,尽量,不发,外地,免得,验货,麻烦,当面,钱货,两清,你好,我,好,大家,好
16,现货,5090,显卡,同德,就,拆开,看,了,一下,rops,因为,涉及,到,要,保修,退换,没有,其他,使用,上海,本地,自提,优先,外地,信用,极好,顺丰到,付,不议价,不议价,不议价,售出,不退,不换,下单,即,同意,和,认可,以上,情况
17,RTX,5090,公版,期货,交货,地点,香港,签合同,收,30%,定金,5,月底,到货,数量,500,片
18,微星,神龙,5090,OC,显卡,全新,保修,三年,默认,顺丰到,付,现货,秒,发,不要,问,我,有没有,货拍,了,当天,发货,议价,着,拉,黑,处理,我,只,保证,全新,未,拆封,其他,不包,介意,不要,拍,因为,都,是,全新,未,拆封,我,也,不,知道,什么,rop,啥,玩意
19,华硕,5090,夜神,oc,全新,未,拆封,外包装,也,没,拆,现货,第二批,生产,不用,担心,少,rops,单元,江浙沪,当天,送货上门,有,实体店,欢迎,上门,自提,海外,稳定,渠道,质保,可,放心,购买,外地,顺丰,空运,包邮,次日,达,售出,不退,考虑,清楚,再,买,有,5090tuf,5090,超龙,5090,水夜,神,5090,万图师,标价,为,5090tuf,可,4090,置换,价,价格,更优,可自提
20,现货,秒,发,5090,魔龙,显卡,全新,未,拆封,全国,顺丰,空运,包邮,上海,发货
21,全新,电竞,叛客,GeForce,RTX,5090,D,X3W,OC,显卡,性能,强劲,适合,台式,电脑设计,渲染,和,AI,应用,32GB,GDDR7,显存,核心,频率,2407MHz,支持,16Pin,接口,推荐,1250w,电源,全,尺寸,棱镜,ARGB,灯牌,金属,压铸,背板,颜值,与,实力,兼具,广州,用户,可,面交,外地,顺丰,包邮,质保,3
22,微星,5090,超龙,5090,和,5090dai,区别,还是,有,区别,的,并,不是,一致,来自,买家,的,对比,反馈,5090d,在,一些,项目,上,还是,逊色,于,5090,也,就是,fp4,和,fp8,是,有,区别,的,相对,于,5090d,的,涨价,5090d,和,5090,价格,相差,不大买,5090d,不如,买,5090,大家,可以,通过,测试,gemm,算子,测,出来,5090,另外,打个,广告,本店,有,超龙,魔鹰,超级,雕,黑白,夜神,价格,几乎,降到,低线
23,仅,拆封,5090,技嘉,魔鹰,风魔,技嘉,魔鹰,RTX5090,满血,版,rops,正常,无,任何,问题,25500,只,出自,提,随便,验货
24,技嘉,5090,水雕,全新,未,拆,韩版,现货,秒,发,全国,顺丰,包邮,质保,三年
25,全新,未,拆封,的,Palit,同德,RTX,5090,显卡,32GB,显存,支持,DLSS,4,光线,追踪,Reflex,Studio,功能,GAMEROCK,系列,带炫酷,ARGB,灯效,适合,游戏,玩家,和,创作者,现货,秒,发,三年,质保,顺丰,包邮,需要,的,朋友,赶紧,联系,我,吧
26,全新,技嘉,AORUS,GeForce,RTX,5090,D,M,aster,显卡,32GB,显存,支持,DLSS,4,Reflex,Studio,功能,配备,风之力,散热,系统,3,个,正,逆转,仿生,风扇,RGB,炫,彩灯,效,带,LCD,显示屏,北京,现货,支持,上门,自提,或,顺丰到,付,质保,四年,成色,全新,功能,完好,无,维修,有,兴趣,的,朋友,欢迎,联系,非诚,勿扰,哦,不支持,七天,无,理由,退货
29,技嘉,超级,雕,5090,现货,国内,现货,秒,发,拍下,即发,顺丰,包邮,保,rop,保修,三年,另有,魔鹰,夜神
30,华硕,5090,TUF,满血,版,全新,未,拆封,加版,加拿大,版,包,rops,缺,了,给,你,退,三,年代,保修,有,发票,4.16,现货,链接,在,就,有,货,不用,问,有没有,货
31,5090,公版,不带,D,显卡,漂亮,国已,发出,过关,检查,需要,拆封,时间,45,到,60,天,左右,我,收到,后,会上,机,检测,再,转发,过去,会,附上,机,检测,视频,贵重物品,收到,后,务必,第一,时间,测试,并录,视频,签收,即,视为,确认,无,完整,开箱,视频,即使,有,问题,也,不,负责,一旦,从,我,手中,寄出,无,质量,问题,不退,无故,拒收,及,退货,等,扣,总价,一半,标价,即,卖价,现在,下单
32,微星,5090,神龙,SOC,超频版,全新,未,拆,韩版,现货,秒,发,全国,顺丰,包邮,质保,三年
33,RTX5090,显卡,同德,5090,32G,全新,未,拆封,缺,ROPS,包换,保修,3,年,可,淘宝,交易,现货,顺丰,快递
34,华硕,ROG,夜神,5090,显卡,批量,全新,未,拆封,32GB,显存,支持,DLSS,4,光线,追踪,Reflex,Studio,功能,华硕,玩家,国度,系列,性能,强劲,适合,高端,游戏,玩家,和,设计师,带有,Quad,Fan,Force,技术,体验,更加,顺畅,夜神,批量,到货,价格,美丽,深圳,现货,付款,当天,可发
35,5090,夜神,5,张,华硕,tuf1,张,加拿大,背回,欢迎,问价,20,号,到,国内,就,能发,济南,支持,面交
36,韩国,代购,技嘉,5090,白色,超级,雕,满血,不带,d,全新,未,拆封,韩版,现货,本人,韩国,留学生,直采,一对一,核对,保证,正品,质保,期内,有,售后,问题,可,协助,处理,费用,自理,显卡,售出,不退,拒收,扣,1000,标价,实价,3,7,天,到手,不议价
37,微星,5090,超龙,全新,未,拆封,不带,d,店内,另,有,夜神,魔鹰,超级,雕,魔龙,白雕,顺丰,包邮,关于,售后,保修,保修,三年,缺,rop,包换,国外,有,稳定,合作,搭档,所,售卖,的,每张,卡,都,会,做好,买家,ID,和,显卡,SN,码,对应,登记,不是,这买,的,或者,自行,换,了,条码,就,免开尊口,按,各,品牌,官方,质保,条例,质保,可,寄回,帮忙,代,保修,如果,被,官方,拒保,不,承担,任何,责任,定金,下批,周五,到货,秒,发接,预定,真实,评价
38,索泰,RTX5090,SOLID,全新,现货,顺丰,包邮,标价,即,是,卖价
39,5090,黑雕,白雕,限时,超,划算,节前,清货,价格,够低,你,买,么,箱子,未,拆,你,买,么,物流,顺丰,包邮,你,买,么,售后,rop,三年,都,保,你,买,么,告诉,我,你,还有,什么,拒绝,我,的,理由,交易方式,火,1,现货,现款,2,顺丰出,单号,打款,发货,前,收货,后,视频,确认,售后,灯泡,保,rop,三年,质保,现货,可现
40,5090,大雕,32g,长期,在,韩国,工作,可,负责,协助,售后,感兴趣,的话,点,我,想要,和,我,私聊,吧
41,技嘉,魔鹰,5090,满血,不带,D,32G,超大,显存,支持,DLSS,4,光线,追踪,Reflex,Studio,功能,韩版,全新,未,拆封,保,三年,标价,为,零售价,一手,货源,量大来,谈,现货
42,全新,技嘉,RTX,5090,32G,魔鹰,显卡,支持,DLSS,4,光线,追踪,Reflex,Studio,功能,韩版,特别版,带,AI,功能,3,年,保修,全新,未,拆封,深圳,支持,验货,面交,数量,有限,先到,先得,顺丰,包邮,感兴趣,的,朋友,欢迎,联系,我,哦
43,全新,华硕,5090,TUF,32G,显卡,现货,秒,发,华硕,TUF,系列,的,RTX5090,显卡,32G,大,显存,商品,详情,品牌,华硕,型号,RTX5090,TUF,显存,32G,成色,全新,未,拆封,功能,完好,无,维修,现货,秒,发,深圳,发货,本店,香港,实体,可以,含税,卖,有,质保,三年,香港,现货,可自提
44,全网,最低,技嘉,魔鹰,5090,全新,未,拆封,支持,3,年,保修,带,Win,dforce,冷却系统,本地,可自提,外地,顺丰到,付,有,需要,的,朋友,可以,联系,我,哦,闲鱼,交易,手续费,1.6%,也,都,OK,现货,秒,发现,货秒,发现,货秒发,预定,还有,极致,价格,优惠,你,肯定,想不到,分类,电脑,显卡,品牌,Gigabyte,技嘉,显存,3
45,技嘉,5090,32G,显卡,全新,实物,如图所示,顺丰,包邮,支,持,置换,回收,有,兴趣,可以,了解,一下
46,韩国,直采,微星,5090,魔龙,显卡,全新,未,拆封,满血,版,本人,韩国,留,学生,代购,一手,卡,直接,从,韩国,经销商,拿货,一对一,核对,确保,无误,质保,期内,有,问题,可,协助,售后,但,质量,问题,属于,产品,本身,不退,不换,下单,默认,同意,拒收,扣,1000,标价,就是,实价,3,7,天,到手,不接,急单,买定离手,涨跌,不补
47,影驰,GeForce,RTX,5090,D,星曜,Luna,显卡,京,东,自营,可,开发票,个人,送保,京东,协助,售后服务,5090D,白色,星曜,全新,未,拆封,京东,自营,货,售出,不退,不换,顺丰到,付
48,索泰,zotac,solid,oc,5090,全网,唯一,白色,卡,别,拿,黑色,来,比,工价,就,贵,600,4,月,新卡,全新,下周,国现,需要,直接,滴滴,包无,光栅,问题,包,售后
49,技嘉,5090,超级,雕,白色,技嘉,旗舰,卡,全新,未,拆封,现货,秒,发,全国,顺丰,包邮,空运,可,走,淘宝,拍,少,ROP,可以,换,新
51,欧版,ROG,5090,显卡,纯血夜,神,非,国内,带,D版,本,全国,可发顺,丰到,付,现货,现货,现货,上海,北京,可自提,预购,从速,下单,后,不退,不换,质保,期间,可,协助,联保,运回,米兰,直接,换,新,的
52,全网,最低,技嘉,魔鹰,5090,全新,未,拆封,现货,秒,发,包邮顺丰,缺,rop,包换,生产日期,3,月,质保,三年,评论,好评,可,查
53,索泰,5090D,32G,SOLID,OC,国行,5090,显卡,仅,拆封,成色,上机,一次,贴膜,还,在,箱,说,全,自提,或,视频,顺丰,上门,自提,信誉,卖家,已,开通,描述,不符,包退,可看,我,个人主页,及,评价
54,急出,七彩虹,5090,D,Advanced,OC,32GB,GDDR7,DLSS,4,电,竞光,追,游戏,设顺,丰空快,到,付,全新,未,拆封,标价,为,今日,自,提价,全新,未,拆封,adoc,标价,就是,真实,售价,不,耍猴,买家,须知,时价,商品,售出,不退,不换,拒收,快递,扣,1000,块,涨跌,不补,稀缺,货源,现货,只有,一张,欢迎,自提,自提,优惠价
55,5090,夜神,全新,未开盒,约定,1,链接,描述,属实,但,实际,情况,以,发货,前,确认,的,实物,影像,为准,默认,当,二手,商品,出售,不,保障,包装,问题,2,快递,送达,时须,在,快递,员,或,代收,点,当场,验明,货物,真假,是否,有,拆,修,痕迹,离开,后,默认,上述情况,无,问题,3,下单,发货,后,仅,假货,问题,可退,拒收,扣,2000,元,人民币,4,拍卖,成功,后,反悔,扣,保证金,和,往返,运费,5,以上,内容,连贯,互通,6,顺丰到,付
56,微星,神龙,5090,满血,版,现货
57,技嘉,5090,超级,雕,黑色,全新,未,拆封,韩版,现货,秒,发顺丰,空运,到付,可,走,淘宝,拍,招,全球,同行,电商,一起,合作,可,拿,4090,回收,置换
58,面放货,了,5090,显卡,原价,出,17999,可,小刀,屠龙刀,勿扰,大量,现货,货源充足,顺丰,包邮,偏远地区,自费,一手,货源,量,大,充足,无,任何,使用,痕迹,支持,任何,检测,ps,首发,耍猴,幽默,定价,对,消费者,毫无,尊重,抵制,购买,溢价,显卡,黄,似,劝架,了
59,技嘉,5090,超级,雕,仓库,现货,可,秒,发,可以,验货,付款,可以,面交,质保,三年,黑色,19,片,白色,10,片,目前,还有,29,片
60,微星,超龙,5090,OC,显卡,全新,未,拆封,保修,三年,本人,一手,货源,默认,顺丰到,付,不包邮,标价,不二价,议价,拉黑,现货,秒,发,不要,问,我,有没有,货拍,了,当天,发货,议价,着,拉,黑,处理
61,全新,未,拆封,夜神,5090,显卡,全网,最低价,32GB,GDDR7,显存,支持,DLSS,4,光线,追踪,Reflex,Studio,功能,绝对,适合,高端,游戏,玩家,和,设计师,Quad,Fan,Force,技术,性能,强劲,顺丰,包邮,保证,你,收到,的,是,最,新鲜,的,货,厦门,本地,的,朋友,可以,上门,自提,支持,面交,快,来,成为,性能,怪兽,吧,品牌,Asus,华硕,显存,容量,32GB,以上,功能,状态,功能,完好,无,维修,有,兴趣,的,朋友,可以,直接,联系,我,不退,不换,哦,定金,关于,售后,保修,国外,有,稳定,合作,搭档,所,售卖,的,每张,卡,都,会,做好,买家,ID,和,显卡,SN,码,对应,登记,不是,这买,的,或者,自行,换,了,条码,就,免开尊口,按,各,品牌,官方,质保,条例,质保,可,寄回,帮忙,代,保修,如果,被,官方,拒保,不,承担,任何,责任
62,同德,5090,带,OC,版本,全新,未,拆封,只是,拆,了,显卡,盒子,过,海关,的,时候,显卡,包装袋,封条,没有,拆封,保,rops,售后,两年,可以,自提,现货,30,张,有,需要,的,联系,邮寄,不包邮
63,国现,夜神,5090,3,德区,留子,带回,4,月,16,发货,发货,前,拍照,确认,可,济南,面交,国内,顺丰到,付,下单,后,不退,不换,电脑,显卡,5090,夜神
64,同德,5090,满血,不带,D,全新,原封,未,拆封,海外,全新,未,拆封,批量,单出,都,可,一手,现货,顺丰到,付,协助,三年,送,海外,保修,源头,才,有,能力,送保,哦,同心同德,共创,辉煌
65,七彩虹,rtx5090D,ad,显卡,首发,卡,一切正常,没有,问题,带不带,oc,只是,bios,的,问题,罢了,这个,卡,体质,甚至,比带,oc,的,还要,好,能拉,300,多,频率,顺丰到,付
66,微星,神龙,5090SOC,全新,未,拆封,现货,秒,发,韩版,质保,三年,25,年,2,月,出厂,全国,顺丰,包邮,空运,可,走,淘宝,拍,招,全球,同行,电商,一起,合作,可,拿,二手,4090,回收,置换
67,微星,5090,魔龙,台版,全新,未,拆封,现货,仅,此,一张,先到,先得,拆封,不退,可,置换,4090
68,影驰,GeForce,RTX,5090,D,星曜,LUNA,OC,DLSS,4,电竞,游戏,设计,剪辑,AI,本地,部署,直播,娱乐,电脑,显卡,全新,未,拆封,现货,1,片,24800,需要,来,吧,本地,可自提,外地,顺丰到,付,邮费,需要,的,来,行情,不定,涨跌,自负,售出,不退,官网,三年,质保,这,一代,的,星耀,规格,非常,高,支持,三年,个人,送保,服务,可,装机,拍,之前,联系,我
69,现货,微星,MSI,魔龙,GeForce,RTX,5090,D,32G,GAMING,TRIO,OC,电竞,游戏,设计,智能,学习,独立,显卡,全新,未,拆封,不包邮,需要,包邮,运费,50,不支持,无,理由,退换货,拒收,扣,违约金,1000,元
70,全网,最低,技嘉,5090,魔鹰,全新,未,拆封,现货,秒,发,顺丰,包邮,评论,可,查,三月,最新,生产,保,rop,保修,三年,另有,夜神,超级,雕,在,售出
71,5090,英版,台版,预售,8,12,周到,货,私聊,询价,各款,都,有,可以,定金,银行,转账,收款单,公对,私均,可,不要,等,我,和,你,提,定金,了,要,和,我,说,又,是,骗子,不想,走,定金,就,直接,拍付,该,链接,全款,等待,发货,拿,贩子,价来,锤,的,也,绕道,也,就,国内,有墙,导致,信息,差,中端,厂商,的,非公版,90,零售,也,才,2.4,别真,被,洗入,脑,了,也,别,问,为什么,这么
72,全新,技嘉,5090,雕,白色,一张,合肥,可自提,感兴趣,的话,点,我,想要,和,我,私聊,吧
73,国现,济南,面交,可,夜神,Asus,5090,GPU,不,带,d,德国,带回,4.16,号,发货,售出,后,不退,不换
74,跌价,出,5090,显卡,全新,5090,显卡,带,质保,三年,深圳,可以,来自,提,可以,当场,验货,付款
75,全新,未,拆封,微星,RTX,5090,神龙,限定版,显卡,Vanguar,d,Launch,Edition,32GB,GDDR7,显存,支持,光线,追踪,和,DLSS,性能,强劲,正品,保证,支持,个人,送保,三年,顺丰,包邮,外地,顺丰,发货,包,rops
76,微星,5090,超龙,全新,未,拆封,不带,d,店内,另,有,夜神,魔鹰,超级,雕,顺丰,包邮,关于,售后,保修,保修,三年,缺,rop,包换,国外,有,稳定,合作,搭档,所,售卖,的,每张,卡,都,会,做好,买家,ID,和,显卡,SN,码,对应,登记,不是,这买,的,或者,自行,换,了,条码,就,免开尊口,按,各,品牌,官方,质保,条例,质保
77,全新,微星,GeForce,RTX,5090,万图师,32G,VENTUS,3X,OC,显卡,性能,强劲,适合,高端,游戏,玩家,和,显卡,收藏者,提供,三年,保修,服务,有,需要,的,朋友,可以,私聊,我,哦
78,微星,5090,神龙,SOC,全新,未,拆封,现货,秒,发,韩版,质保,三年,25,年,2,月,出厂,全国,顺丰,包邮,空运,可,走,淘宝,拍,招,全球,同行,电商,一起,合作,可,拿,二手,4090,回收,置换
79,5090,技嘉,魔鹰,满血,不带,D,32G,超大,显存,支持,DLSS,4,光线,追踪,Reflex,Studio,功能,台版,全新,未,拆封,售出,拆封,不退,不换,现货,秒,发,不,砍价,不议价,默认,顺丰到,付
80,华硕,5090,水夜,神,水冷,满血,RTX,5090,ASUS,ROG,ASTRAL,Liquid,OC,标价,就是,合同,订货,后,从,海外,发货,到手,实价,零售,平台,拍货,按,国内,零售价,改价,新,客户,首订,请,咨询,美国,集团,采购,全新,包,收货,时,全新,通过,测试,使用,过程,中,产生,售后,须,寄回,美国,网点,凭,SN
81,5090,夜神,加拿大,背回,只有,两个,需要,联系,感兴趣,的话,点,我,想要,和,我,私聊,吧
82,微星,5090,魔龙,全新,未,拆封,全网,最低,价格,错过,不再,有,只有,两张,店内,另,有,夜神,超级,雕,超龙,魔鹰,好评,可,查,包,rop,质保,三年,定金
83,出,全新,技嘉,5090,魔鹰,现货,20,张,包,三年,需要,的,联系,自提
84,5090,水夜,神不带,D,现货,仅,支持,广州,面交,因,工作,原因,顺便,带,一张,回来,低价,出,先到,先得
85,全新,英,伟达,5090,32G,公版,全新,未,拆封,全新,未,拆封,未,使用,全新,产品,不支持,7,天无,理由,退换货,常州,可自提,外地,顺丰
86,全新,技嘉,5090,D,AORUS,超级,雕,显卡,32GB,显存,支持,DLSS,4,Reflex,Studio,功能,配备,风之力,散热,系统,带,LCD,显示屏,和,RGB,炫,彩光,轮灯效,全新,未,拆封,官方,正品,顺丰到,付,非,质量,问题,不退,不换,当天,发货,有意者,请,私聊,懂得,来
87,ROG,5090,夜神,astral,满血,带,OC,非,D,澳版,全新,未,拆封,售后,三年,有,问题,随时,找,我,带回,澳洲,售后,每个,显卡,都,有,发票,和,sn,码,我,一年,多次,往返,澳洲
88,华硕,ROG,夜神,5090,显卡,RTX5090,32G,OC,电,竞游,戏,专业,设计,AI,渲染,显卡,ROG,夜神,RTX5090,O32G,超频版,现货,合肥,可以,面交,自取
89,出,全新,索泰,5090,两张,现货,深圳,自提,感兴趣,的话,点,我,想要,和,我,私聊,吧
90,华硕,5090,显卡,夜神,满血,版,不带,d,带,oc,原装,原封,3,2GB,显存,深圳,现货,现货,可以,面交,自取,异地,顺,丰特,快到,付,3,年,质保,标价,实价
91,技嘉,魔鹰,5090,显卡,全新,全网,最低价,32G,超大,显存,支持,DL,SS,4,光线,追踪,Reflex,Studio,功能,韩版,特别,带,AI,功能,两个,全新,未,拆封,现货,充足,售后,原装,未,拆封,功能,完好,无,维修,支持,全国,顺丰,包邮,发货,会,通过,视频,发送,由于,显卡,特殊性,售出,后,不退,不换,希望,理解,品牌,Gigabyt
92,全新,技嘉,5090,魔鹰,32G,显卡,支持,DLSS,4,光线,追踪,Reflex,Studio,功能,成色,全新,有,意向,的,朋友,可以,点击,我,想要,私聊,我,哦,全国,顺丰,包邮,隔日,达,有,问题,可以,协助,保修,数量,有限,先到,先得
93,技嘉,5090,超级,雕,全新,未,拆,近期,日期,品牌,出厂,三年,保,可代,保全,新,产品,售出,无,质量,问题,不可,退缺,单元,直接,换,新,后期,出厂,不缺,的,顺丰到,付,现货,秒,发,ai,时代,本地,部署,游戏,大,咖上,手,速度,改,涡轮,技术,已出,上涨,趋势,明显,早买,早,轻松,感谢,支持
94,满血,5090,华硕,tuf,显卡,第二张,实图,拍摄,沈阳,现货,面交,优先,外地,顺丰,包邮,随时,可,发,全新,未,拆封,澳新,一手,买家,带,发票,可,协助,送保,你,只,需要,发到,我,空运,地址,即可,我来,送,售后,空运,15,纽币,kg,单程,4,到,10,天
95,5090,公版,3,月份,美版,新,批次,不是,GTC,批次,带,小票,上海,可以,面交,不要,浪费,彼此,的,时间,来,试探
96,英,伟达,RTX,5090,有盒,未,拆封,少量,到货,可,咨询,公司,渠道,可,批量,订购,RTX,5090,预定,包邮,可,上门,提货,坐标,北京,型号,RTX,5090,FE,公版,有,盒子,未,拆封,海关,验货,特殊,情况,除外,税费,自理
97,华硕,夜神,5090,满血,版,美国,现货,全新,ASUS,ROG,ASTRAL,GeForce,RTX,5090,O32G,OC,标价,就是,合同,订货,后,从,海外,发货,到手,实价,零售,平台,拍货,按,国内,零售价,改价,新,客户,首订,请,咨询,美国,集团,采购,全新,包,收货,时,全新,通过,测试,使用,过程,中,产生,售后,须,寄回,美
98,到货,到货,5090,台版,各,版本,现货,秒,发,一件,代发,全新,未,拆封,支持,三年,店保,可,自提,默认,顺丰,包邮
99,全新,5090,超级,雕白,32G,最新,三月份,的,质保,三年,支持,现场,验,货自提,支持,对公,全新,未,拆封,的,数量,有限,先到,先得,核心,无,缺失,默认,顺丰到,付
100,全新,技嘉,5090,魔鹰,顺丰,包邮,全新,未,拆封,保修,三年,缺,rop,包换
101,全新,NVIDIA,满血,5090,非,D,包装,票据,全,出入境,记录,全,32G,原生,显存,满血,ZOTAC,AMP,EXTREME,infinity32G,原生,显存,大,模型,流畅,跑,全新,欧洲,带回,未,上机,过关,时候,可能,会,卡盒,分离,一下,介意,勿扰,现货,已经,在,国内,南京,面交,参数,自己,查,购于,线下,连锁店,有,单据,有,可查,元,数据,的,照片,本人,芝麻,信用,810,多,个人,非,贩子,买家,卖家,信用,都,是,最,高档,南京,线下,交易,随便,你,检查,比,你,在,遥远,的,某,电脑城,邮,购买,得,靠,谱,中美,贸易战,汇率,还,在,跌,价格,还,在,涨,Ai,应用,也,在,全面,普及,矿潮会,崩,AI,算力,竞争,不会,崩,懂得,来,吧,国外,已经,在,涨,了
102,华硕,显卡,5090,夜神,满血,版带,oc,非,d,版,32GB,显存,性,能,强劲,高端,玩家,版,全新,未,拆封,深圳,现货,现货,可,面交,异地,顺,丰特,快到,付,当天,下单,当天,发货,打包,发货,过程,全程,录像,贵重物品,请,当面,检查,签收,出售,后非,质量,问题,不退,不换,关于,售后,保修,国外,有,稳定,合作,搭档,所,售卖,的,每张,卡,都,会,做好,买家,ID,和,显卡,SN,码,对应,登记,不是,这买,的,或者,自行,换,了,条码,就,免开尊口,按,各,品牌,官方,质保,条例,质保,可,寄回,帮忙,代,保修,如果,被,官方,拒保,不,承担,任何,责任,电脑,显卡,华硕,电神,4,电脑,显卡
103,微星,5090,魔龙,刚,国外,带,回来,的,就,一张,全新,外盒,跟,显卡,分开,带进来,的,所以,外盒,拆封,过,提供,武汉,置换,4090,4090D,3090,3090Ti,标价,就是,卖价,只,支持,武汉,交易,外地,勿扰,现货,在手,无需,等待
104,5090,tuf,显卡,现货,全新,未,拆,2,张,支持,质保,留学生,自己,带回,有,发票,现货,现货,秒,发
105,技嘉,5090,满血,版,水雕,一体式,同价,白雕,已经,出掉,了,水雕,好价,帮人带,结果,被,跑,了,便宜,点出,掉,大哭,Gigabyte,技嘉,电脑,显卡,主机,硬件
