排名,编号,推荐指数,核心亮点,详细分析
1,43,9.0,全新未拆封，商品完整性高；提供三年质保，售后政策完善,"{""score"": 9.0, ""reasons"": [""全新未拆封，商品完整性高"", ""提供三年质保，售后政策完善"", ""现货秒发，物流服务快速"", ""香港实体店支持自提，卖家可信度高""], ""suggestion"": ""建议确认是否含税及具体包邮政策，以进一步提升购买体验。"", ""error"": """", ""raw"": {""score"": 9, ""reasons"": [""全新未拆封，商品完整性高"", ""提供三年质保，售后政策完善"", ""现货秒发，物流服务快速"", ""香港实体店支持自提，卖家可信度高""], ""suggestion"": ""建议确认是否含税及具体包邮政策，以进一步提升购买体验。""}}"
2,104,9.0,全新未拆带发票，商品完整性高；支持质保，售后政策明确,"{""score"": 9.0, ""reasons"": [""全新未拆带发票，商品完整性高"", ""支持质保，售后政策明确"", ""现货秒发，物流服务优秀"", ""留学生自带，来源相对可信""], ""suggestion"": ""建议核实发票真伪及具体质保条款，确认是否支持个人送保。若价格高于市场均价10%以上可尝试议价。"", ""error"": """", ""raw"": {""score"": 9, ""reasons"": [""全新未拆带发票，商品完整性高"", ""支持质保，售后政策明确"", ""现货秒发，物流服务优秀"", ""留学生自带，来源相对可信""], ""suggestion"": ""建议核实发票真伪及具体质保条款，确认是否支持个人送保。若价格高于市场均价10%以上可尝试议价。""}}"
3,25,9.0,全新未拆封，商品完整性高；三年质保，售后政策完善,"{""score"": 9.0, ""reasons"": [""全新未拆封，商品完整性高"", ""三年质保，售后政策完善"", ""顺丰包邮，物流服务优质"", ""现货秒发，发货速度快""], ""suggestion"": ""价格较高，建议对比市场均价确认合理性。"", ""error"": """", ""raw"": {""score"": 9, ""reasons"": [""全新未拆封，商品完整性高"", ""三年质保，售后政策完善"", ""顺丰包邮，物流服务优质"", ""现货秒发，发货速度快""], ""suggestion"": ""价格较高，建议对比市场均价确认合理性。""}}"
4,5,8.0,亮点1：商品为全新未拆封，附带原装包装，成色描述明确；亮点2：支持全国顺丰包邮，发货速度快且有视频确认,"{""score"": 8.0, ""reasons"": [""亮点1：商品为全新未拆封，附带原装包装，成色描述明确"", ""亮点2：支持全国顺丰包邮，发货速度快且有视频确认"", ""亮点3：提供3年质保，并有详细的质保登记流程"", ""风险点1：售出后不退不换，售后政策较为严格"", ""风险点2：官方拒保情况下不承担责任，存在一定风险""], ""suggestion"": ""建议买家在购买前确认显卡的具体型号和功能是否符合需求，并了解官方质保的具体条款。同时，可以考虑与卖家协商增加一定的退换货期限以降低风险。"", ""error"": """", ""raw"": {""score"": 8, ""reasons"": [""亮点1：商品为全新未拆封，附带原装包装，成色描述明确"", ""亮点2：支持全国顺丰包邮，发货速度快且有视频确认"", ""亮点3：提供3年质保，并有详细的质保登记流程"", ""风险点1：售出后不退不换，售后政策较为严格"", ""风险点2：官方拒保情况下不承担责任，存在一定风险""], ""suggestion"": ""建议买家在购买前确认显卡的具体型号和功能是否符合需求，并了解官方质保的具体条款。同时，可以考虑与卖家协商增加一定的退换货期限以降低风险。""}}"
5,91,8.0,亮点1：商品全新未拆封，功能完好无维修；亮点2：支持全国顺丰包邮，发货会通过视频发送,"{""score"": 8.0, ""reasons"": [""亮点1：商品全新未拆封，功能完好无维修"", ""亮点2：支持全国顺丰包邮，发货会通过视频发送"", ""风险点1：售出后不退不换，售后政策较为严格"", ""风险点2：价格较高，需确认是否合理""], ""suggestion"": ""建议确认市场价格是否合理，并考虑售后政策的严格性是否可接受。"", ""error"": """", ""raw"": {""score"": 8, ""reasons"": [""亮点1：商品全新未拆封，功能完好无维修"", ""亮点2：支持全国顺丰包邮，发货会通过视频发送"", ""风险点1：售出后不退不换，售后政策较为严格"", ""风险点2：价格较高，需确认是否合理""], ""suggestion"": ""建议确认市场价格是否合理，并考虑售后政策的严格性是否可接受。""}}"
6,102,8.0,全新未拆封，商品完整性高；当天下单当天发货，物流服务优秀,"{""score"": 8.0, ""reasons"": [""全新未拆封，商品完整性高"", ""当天下单当天发货，物流服务优秀"", ""全程录像打包，卖家可信度高"", ""国外有稳定合作搭档，售后保修有一定保障""], ""suggestion"": ""建议明确国内售后保修的具体流程和时间，以及是否提供国内官方保修服务，以增加买家的信任度。"", ""error"": """", ""raw"": {""score"": 8, ""reasons"": [""全新未拆封，商品完整性高"", ""当天下单当天发货，物流服务优秀"", ""全程录像打包，卖家可信度高"", ""国外有稳定合作搭档，售后保修有一定保障""], ""suggestion"": ""建议明确国内售后保修的具体流程和时间，以及是否提供国内官方保修服务，以增加买家的信任度。""}}"
7,18,8.0,全新未拆封商品，完整性高；提供三年保修，售后政策较好,"{""score"": 8.0, ""reasons"": [""全新未拆封商品，完整性高"", ""提供三年保修，售后政策较好"", ""默认顺丰到付，发货速度快"", ""价格较高，但考虑到全新未拆封和保修政策，相对合理""], ""suggestion"": ""建议确认卖家的信誉和评价，确保交易安全。同时，可以询问是否有发票或其他购买凭证，以增加交易的可信度。"", ""error"": """", ""raw"": {""score"": 8, ""reasons"": [""全新未拆封商品，完整性高"", ""提供三年保修，售后政策较好"", ""默认顺丰到付，发货速度快"", ""价格较高，但考虑到全新未拆封和保修政策，相对合理""], ""suggestion"": ""建议确认卖家的信誉和评价，确保交易安全。同时，可以询问是否有发票或其他购买凭证，以增加交易的可信度。""}}"
8,85,8.0,全新未拆封未使用，商品完整性高；公版产品，品质有保障,"{""score"": 8.0, ""reasons"": [""全新未拆封未使用，商品完整性高"", ""公版产品，品质有保障"", ""常州可自提，外地顺丰，物流服务较好""], ""suggestion"": ""建议确认是否支持官方质保，并明确质保期限。如果可能，提供购买凭证以增加可信度。"", ""error"": """", ""raw"": {""score"": 8, ""reasons"": [""全新未拆封未使用，商品完整性高"", ""公版产品，品质有保障"", ""常州可自提，外地顺丰，物流服务较好""], ""suggestion"": ""建议确认是否支持官方质保，并明确质保期限。如果可能，提供购买凭证以增加可信度。""}}"
9,10,8.0,全新未拆封，厂家保修三年可代送保；发货全程监控录像，保障商品安全,"{""score"": 8.0, ""reasons"": [""全新未拆封，厂家保修三年可代送保"", ""发货全程监控录像，保障商品安全"", ""高端显卡，行情波动大，但升值空间大""], ""suggestion"": ""建议买家在购买前明确品牌和型号，避免因品牌颜色选择犹豫不决导致无法退货。同时，考虑到价格较高，建议与卖家进一步沟通确认物流和售后细节。"", ""error"": """", ""raw"": {""score"": 8, ""reasons"": [""全新未拆封，厂家保修三年可代送保"", ""发货全程监控录像，保障商品安全"", ""高端显卡，行情波动大，但升值空间大""], ""suggestion"": ""建议买家在购买前明确品牌和型号，避免因品牌颜色选择犹豫不决导致无法退货。同时，考虑到价格较高，建议与卖家进一步沟通确认物流和售后细节。""}}"
10,11,6.0,全新未拆封国行正品，保证正品支持验货；现货秒发，发货速度快,"{""score"": 6.0, ""reasons"": [""全新未拆封国行正品，保证正品支持验货"", ""现货秒发，发货速度快"", ""不支持7天无理由退换货，售后政策较严格"", ""拍下不退不换，未发出可以退，发出后不准拒收，拒收补偿来回费用，物流政策较苛刻""], ""suggestion"": ""建议卖家提供更灵活的退换货政策，以增加买家的信任感。同时，可以考虑提供部分质保服务，进一步提升商品的可信度。"", ""error"": """", ""raw"": {""score"": 6, ""reasons"": [""全新未拆封国行正品，保证正品支持验货"", ""现货秒发，发货速度快"", ""不支持7天无理由退换货，售后政策较严格"", ""拍下不退不换，未发出可以退，发出后不准拒收，拒收补偿来回费用，物流政策较苛刻""], ""suggestion"": ""建议卖家提供更灵活的退换货政策，以增加买家的信任感。同时，可以考虑提供部分质保服务，进一步提升商品的可信度。""}}"
