编号,推荐指数,价格,介绍
43,9.0,27999.0,全新华硕5090 TUF 32G显卡  现货秒发 华硕TUF系列的RTX5090显卡，32G大显存。 【商品详情】 品牌：华硕 型号：RTX5090 TUF 显存：32G 成色：全新未拆封 功能：完好无维修 现货秒发，深圳发货 本店香港实体，可以含税卖。有质保三年 香港现货，可自提
104,9.0,28888.0,5090 tuf显卡 现货 全新未拆 2张 支持质保 留学生自己带回 有发票 现货！现货 秒发
25,9.0,25799.0,全新未拆封的Palit同德RTX 5090显卡，32GB显存 ，支持DLSS 4、光线追踪、Reflex、Studio功能。GAMEROCK系列，带炫酷ARGB灯效，适合游戏玩家和创作者。现货秒发，三年质保，顺丰包邮。需要的朋友赶紧联系我吧！
5,8.0,26800.0,全网最低技嘉魔鹰5090，32G超大显存，支持DLSS 4、 光线追踪、Reflex、Studio功能，韩版特别带AI功能！两个全新未拆封，现货充足。【售后】原装未拆封，功能完好无维修，支持全国顺丰包邮，发货会通过视频发送。由于显卡特殊性，售出后不退不换，希望理解。【品牌】Gigabyte/技嘉【型号】魔鹰5090 GAMING OC 32G【成色】全新有兴趣的朋友可以随时联系我，先到先得哦！现货现货现货现货、保修3年国外有稳定合作搭档，所售卖的每张卡，都会做好买家ID和显卡SN码对应登记。(不是这买的或者自行换了条码就免开尊口)按各品牌官方质保条例质保，可寄回帮忙代保修，如果被官方拒保，不承担任何责任。
91,8.0,26800.0,技嘉魔鹰5090显卡全新全网最低价，32G超大显存，支持DL SS 4、光线追踪、Reflex、Studio功能，韩版特别带AI功能！两个全新未拆封，现货充足。 【售后】原装未拆封，功能完好无维修，支持全国顺丰包邮，发货会通过视频发送。由于显卡特殊性，售出后不退不换，希望理解。 【品牌】Gigabyt...
102,8.0,34900.0,华硕显卡5090夜神满血版带oc  非d版 32GB显存 性 能强劲 高端玩家版 全新未拆封 深圳现货现货  可面交 异地顺丰特快到付 当天下单当天发货  打包发货过程全程录像。贵重物品请当面检查签收。出售后非质量问题不退不换。关于售后保修国外有稳定合作搭档，所售卖的每张卡，都会做好买家ID和显卡SN码对应登记。(不是这买的或者自行换了条码就免开尊口)按各品牌官方质保条例质保，可寄回帮忙代保修，如果被官方拒保，不承担任何责任。#电脑显卡 #华硕 电神4 #电脑显卡
18,8.0,26600.0,微星神龙5090 OC显卡 全新保修三年默认顺丰到付现货秒发，不要问我有没有货拍了当天发货议价着拉黑处理我只保证全新未拆封，其他不包，介意不要拍，因为都是全新未拆封我也不知道什么rop 啥玩意
85,8.0,31500.0,全新 英伟达  5090  32G  公版  全新未拆封 全新未拆封未使用  全新产品不支持7天无理由退换货 常州可自提  外地顺丰
10,8.0,25600.0,5090热门款万丽星舰，微星万图师、魔龙，同德，技嘉魔鹰、超 级雕，华硕 水冷，批量单出都可，有图的均有现货，全新未拆封，现货秒发。缺rops包换(后面出来的卡没缺的)。厂家保修三年可代送保。高端显卡认准一手源头才有能力代保哦。     高端的行情会有波动，涨跌不䃼，发货全程监控录像，因为是全新原封产品，不接受发货之后退货，请确定好品牌再购买(些话只是针对那些对品牌颜色的选择犹豫不决、涨跌就变动的客户，格局要打开选好就不要变动了) 默认同意此规则再发货 顺丰到付。祝:买后大涨，ai时代的到来，白漂个一两年还有得赚都是很正常的，买丐版可能升值空间最大哦，核芯都是一样的，旗舰就是散热更好。感兴趣的话点“我想要”和我私聊吧～
11,6.0,21999.0,七彩虹RTX5090D AD OC 32GB，全新未拆封国行 正品，现货秒发，可直接拍，也可搭配9800X 3D装整机，价格更优惠. 1.本商品保证正品支持验货但不支持7天无理由退换货！ 2.拍下不退不换，不补差价，未发出可以退，发出后不准拒收，拒收补偿来回费用！ 3.能到货当天签收的拍，每天都是最低...
